country,source,time,value
Afghanistan,LFS - Labour Force Survey,2021,
Afghanistan,LFS - Labour Force Survey,2020,5.889
Afghanistan,HIES - Households Living Conditions Survey,2017,4.255
Afghanistan,HIES - Households Living Conditions Survey,2014,6.929
Angola,LFS - Employment Survey,2021,11.014
Angola,LFS - Employment Survey,2019,10.903
Angola,HIES - Core Welfare Indicators Questionnaire,2009,14.777
Angola,PC - Population Census,2014,18.191
Albania,LFS - Labour Force Survey,2019,41.34
Albania,LFS - Labour Force Survey,2018,31.601
Albania,LFS - Labour Force Survey,2017,22.648
Albania,LFS - Labour Force Survey,2016,24.018
Albania,LFS - Labour Force Survey,2015,19.275
Albania,LFS - Labour Force Survey,2014,20.621
Albania,LFS - Labour Force Survey,2013,29.298
Albania,LFS - Labour Force Survey,2012,14.715
Albania,LFS - Labour Force Survey,2010,19.1
Albania,LFS - Labour Force Survey,2009,21.98
Albania,LFS - Labour Force Survey,2008,24.434
Albania,LFS - Labour Force Survey,2007,22.815
Albania,HIES - Living Standards Survey,2002,15.798
United Arab Emirates,LFS - Labour Force Survey,2022,23.464
United Arab Emirates,LFS - Labour Force Survey,2021,23.568
United Arab Emirates,LFS - Labour Force Survey,2020,17.73
United Arab Emirates,LFS - Labour Force Survey,2018,15.749
United Arab Emirates,LFS - Labour Force Survey,2017,12.171
Argentina,"LFS - Permanent Household Survey, Urban",2022,37.91
Argentina,"LFS - Permanent Household Survey, Urban",2021,37.36
Argentina,"LFS - Permanent Household Survey, Urban",2020,36.984
Argentina,"LFS - Permanent Household Survey, Urban",2019,33.136
Argentina,"LFS - Permanent Household Survey, Urban",2018,33.178
Argentina,"LFS - Permanent Household Survey, Urban",2017,32.629
Argentina,"LFS - Permanent Household Survey, Urban",2014,38.637
Argentina,"LFS - Permanent Household Survey, Urban",2013,36.493
Argentina,"LFS - Permanent Household Survey, Urban",2012,32.343
Argentina,"LFS - Permanent Household Survey, Urban",2011,30.155
Argentina,"LFS - Permanent Household Survey, Urban",2010,32.139
Argentina,"LFS - Permanent Household Survey, Urban",2009,34.43
Argentina,"LFS - Permanent Household Survey, Urban",2008,29.93
Argentina,"LFS - Permanent Household Survey, Urban",2006,29.413
Argentina,"LFS - Permanent Household Survey, Urban",2005,26.258
Argentina,"LFS - Permanent Household Survey, Urban",2004,28.607
Australia,"HIES - Household, Income and Labour Dynamics Survey",2021,38.226
Australia,"HIES - Household, Income and Labour Dynamics Survey",2020,34.163
Australia,"HIES - Household, Income and Labour Dynamics Survey",2019,34.645
Australia,"HIES - Household, Income and Labour Dynamics Survey",2018,33.849
Australia,"HIES - Household, Income and Labour Dynamics Survey",2017,35.106
Australia,"HIES - Household, Income and Labour Dynamics Survey",2016,36.232
Australia,"HIES - Household, Income and Labour Dynamics Survey",2015,35.301
Australia,"HIES - Household, Income and Labour Dynamics Survey",2014,34.995
Australia,"HIES - Household, Income and Labour Dynamics Survey",2013,32.868
Australia,"HIES - Household, Income and Labour Dynamics Survey",2012,29.891
Australia,"HIES - Household, Income and Labour Dynamics Survey",2011,27.607
Australia,"HIES - Household, Income and Labour Dynamics Survey",2010,33.533
Australia,"HIES - Household, Income and Labour Dynamics Survey",2009,30.146
Australia,"HIES - Household, Income and Labour Dynamics Survey",2008,39.042
Australia,"HIES - Household, Income and Labour Dynamics Survey",2007,30.979
Australia,"HIES - Household, Income and Labour Dynamics Survey",2006,33.31
Australia,"HIES - Household, Income and Labour Dynamics Survey",2005,28.24
Australia,"HIES - Household, Income and Labour Dynamics Survey",2004,32.038
Australia,"HIES - Household, Income and Labour Dynamics Survey",2003,29.557
Australia,"HIES - Household, Income and Labour Dynamics Survey",2002,28.854
Australia,"HIES - Household, Income and Labour Dynamics Survey",2001,29.257
Austria,LFS - Labour Force Survey,2022,31.527
Austria,LFS - Labour Force Survey,2021,34.309
Austria,LFS - Labour Force Survey,2020,31.467
Austria,LFS - Labour Force Survey,2019,32.009
Austria,LFS - Labour Force Survey,2018,28.858
Austria,LFS - Labour Force Survey,2017,29.191
Austria,LFS - Labour Force Survey,2016,29.517
Austria,LFS - Labour Force Survey,2015,27.876
Austria,LFS - Labour Force Survey,2014,27.848
Austria,LFS - Labour Force Survey,2013,26.329
Austria,LFS - Labour Force Survey,2012,27.132
Austria,LFS - Labour Force Survey,2011,26.074
Austria,LFS - Labour Force Survey,2010,25.422
Austria,LFS - Labour Force Survey,2009,23.252
Austria,LFS - Labour Force Survey,2008,25.193
Austria,LFS - Labour Force Survey,2007,20.997
Austria,LFS - Labour Force Survey,2006,20.956
Austria,LFS - Labour Force Survey,2005,21.504
Austria,LFS - Labour Force Survey,2004,23.024
Austria,LFS - Labour Force Survey,2003,28.498
Austria,LFS - Labour Force Survey,2002,30.776
Austria,LFS - Labour Force Survey,2001,29.377
Austria,LFS - Labour Force Survey,2000,28.131
Austria,LFS - Labour Force Survey,1999,24.896
Austria,LFS - Labour Force Survey,1998,26.785
Austria,LFS - Labour Force Survey,1997,25.645
Austria,LFS - Labour Force Survey,1996,22.865
Austria,LFS - Labour Force Survey,1995,23.688
Burundi,HIES - Living Standards Survey,2020,25.668
Belgium,LFS - EU Labour Force Survey,2020,34.555
Belgium,LFS - EU Labour Force Survey,2019,31.88
Belgium,LFS - EU Labour Force Survey,2018,33.451
Belgium,LFS - EU Labour Force Survey,2017,32.913
Belgium,LFS - EU Labour Force Survey,2016,31.983
Belgium,LFS - EU Labour Force Survey,2015,31.038
Belgium,LFS - EU Labour Force Survey,2014,31.296
Belgium,LFS - EU Labour Force Survey,2013,30.754
Belgium,LFS - EU Labour Force Survey,2012,31.669
Belgium,LFS - EU Labour Force Survey,2011,30.452
Belgium,LFS - EU Labour Force Survey,2010,34.767
Belgium,LFS - EU Labour Force Survey,2009,34.57
Belgium,LFS - EU Labour Force Survey,2008,31.899
Belgium,LFS - EU Labour Force Survey,2007,33.581
Belgium,LFS - EU Labour Force Survey,2006,31.133
Belgium,LFS - EU Labour Force Survey,2005,30.242
Belgium,LFS - EU Labour Force Survey,2004,26.911
Belgium,LFS - EU Labour Force Survey,2003,27.327
Belgium,LFS - EU Labour Force Survey,2002,27.972
Belgium,LFS - EU Labour Force Survey,2001,28.383
Belgium,LFS - EU Labour Force Survey,2000,24.532
Burkina Faso,LFS - Regional Integrated Survey on Employment and the Informal Sector,2018,23.953
Bangladesh,LFS - Labour Force Survey,2017,11.483
Bangladesh,LFS - Labour Force Survey,2010,10.037
Bangladesh,LFS - Labour Force Survey,2006,10.903
Bulgaria,LFS - EU Labour Force Survey,2020,42.446
Bulgaria,LFS - EU Labour Force Survey,2019,39.246
Bulgaria,LFS - EU Labour Force Survey,2018,39.285
Bulgaria,LFS - EU Labour Force Survey,2017,39.286
Bulgaria,LFS - EU Labour Force Survey,2016,39.277
Bulgaria,LFS - EU Labour Force Survey,2015,37.384
Bulgaria,LFS - EU Labour Force Survey,2014,35.363
Bulgaria,LFS - EU Labour Force Survey,2013,36
Bulgaria,LFS - EU Labour Force Survey,2012,35.502
Bulgaria,LFS - EU Labour Force Survey,2011,36.996
Bulgaria,LFS - EU Labour Force Survey,2010,38.627
Bulgaria,LFS - EU Labour Force Survey,2009,35.787
Bulgaria,LFS - EU Labour Force Survey,2008,36.512
Bulgaria,LFS - EU Labour Force Survey,2007,36.408
Bulgaria,LFS - EU Labour Force Survey,2006,37.561
Bulgaria,LFS - EU Labour Force Survey,2005,40.611
Bulgaria,LFS - EU Labour Force Survey,2004,41.428
Bulgaria,LFS - EU Labour Force Survey,2003,37.796
Bulgaria,LFS - EU Labour Force Survey,2002,42.311
Bulgaria,LFS - EU Labour Force Survey,2001,40.523
Bulgaria,LFS - EU Labour Force Survey,2000,37.459
Bosnia and Herzegovina,LFS - Labour Force Survey,2022,24.09
Bosnia and Herzegovina,LFS - Labour Force Survey,2021,20.175
Bosnia and Herzegovina,LFS - Labour Force Survey,2020,24.89
Bosnia and Herzegovina,LFS - Labour Force Survey,2019,25.43
Bosnia and Herzegovina,LFS - Labour Force Survey,2018,26.118
Bosnia and Herzegovina,LFS - Labour Force Survey,2017,18.83
Bosnia and Herzegovina,LFS - Labour Force Survey,2016,18.782
Bosnia and Herzegovina,LFS - Labour Force Survey,2015,24.184
Bosnia and Herzegovina,LFS - Labour Force Survey,2014,24.157
Bosnia and Herzegovina,LFS - Labour Force Survey,2013,21.416
Bosnia and Herzegovina,LFS - Labour Force Survey,2012,23.028
Bosnia and Herzegovina,LFS - Labour Force Survey,2011,22.598
Bosnia and Herzegovina,LFS - Labour Force Survey,2010,30.164
Bosnia and Herzegovina,LFS - Labour Force Survey,2009,27.67
Bosnia and Herzegovina,LFS - Labour Force Survey,2008,33.346
Bosnia and Herzegovina,LFS - Labour Force Survey,2007,20.27
Bosnia and Herzegovina,LFS - Labour Force Survey,2006,23.726
Belarus,LFS - Labour Force Survey,2022,42.363
Belarus,LFS - Labour Force Survey,2021,43.983
Belarus,LFS - Labour Force Survey,2020,47.754
Belarus,LFS - Labour Force Survey,2019,45.805
Belarus,LFS - Labour Force Survey,2018,44.725
Belarus,LFS - Labour Force Survey,2017,47.597
Belarus,LFS - Labour Force Survey,2016,45.991
Belize,LFS - Labour Force Survey,2016,41.707
Belize,LFS - Labour Force Survey,2015,39.137
Bolivia,LFS - Continuous Employment Survey,2022,29.98
Bolivia,LFS - Continuous Employment Survey,2021,28.556
Bolivia,LFS - Continuous Employment Survey,2019,28.492
Bolivia,LFS - Continuous Employment Survey,2018,30.443
Bolivia,LFS - Continuous Employment Survey,2017,26.753
Bolivia,LFS - Continuous Employment Survey,2016,29.992
Bolivia,HIES - Household Survey,2020,30.929
Bolivia,HIES - Household Survey,2015,34.447
Bolivia,HIES - Household Survey,2014,35.462
Bolivia,HIES - Household Survey,2013,31.091
Bolivia,HIES - Household Survey,2012,32.028
Bolivia,HIES - Household Survey,2011,35.552
Bolivia,HIES - Household Survey,2009,38.807
Bolivia,HIES - Household Survey,2008,35.125
Bolivia,HIES - Household Survey,2007,31.293
Bolivia,HIES - Household Survey,2005,31.64
Bolivia,HIES - Continuous Household Survey,1995,25.196
Bolivia,HIES - Continuous Household Survey,1994,18.59
Bolivia,HIES - Continuous Household Survey,1993,23.881
Bolivia,HIES - Continuous Household Survey,1992,21.52
Bolivia,HIES - Continuous Household Survey,1991,19.952
Bolivia,HS - Survey of Improvement of Living Conditions,2001,18.524
Bolivia,HS - Survey of Improvement of Living Conditions,2000,37.898
Bolivia,HS - Survey of Improvement of Living Conditions,1999,30.691
Brazil,HS - Continuous National Household Sample Survey,2022,38.293
Brazil,HS - Continuous National Household Sample Survey,2021,37.157
Brazil,HS - Continuous National Household Sample Survey,2020,35.469
Brazil,HS - Continuous National Household Sample Survey,2019,37.593
Brazil,HS - Continuous National Household Sample Survey,2018,37.86
Brazil,HS - Continuous National Household Sample Survey,2017,37.661
Brazil,HS - Continuous National Household Sample Survey,2016,37.561
Brazil,HS - Continuous National Household Sample Survey,2015,37.096
Brazil,HS - Continuous National Household Sample Survey,2014,36.477
Brazil,HS - Continuous National Household Sample Survey,2013,36.185
Brazil,HS - Continuous National Household Sample Survey,2012,35.622
Brazil,HS - National Household Sample Survey,2011,36.578
Brazil,HS - National Household Sample Survey,2009,35.218
Brazil,HS - National Household Sample Survey,2008,35.828
Brazil,HS - National Household Sample Survey,2007,37.678
Brazil,HS - National Household Sample Survey,2006,36.299
Brazil,HS - National Household Sample Survey,2005,38.068
Brazil,HS - National Household Sample Survey,2004,35.666
Brazil,HS - National Household Sample Survey,2003,34.222
Brazil,HS - National Household Sample Survey,2002,35.016
Barbados,LFS - Labour Force Survey,2019,47.718
Barbados,LFS - Labour Force Survey,2018,49.429
Barbados,LFS - Labour Force Survey,2017,52.855
Barbados,LFS - Labour Force Survey,2016,52.295
Barbados,LFS - Labour Force Survey,2015,61.33
Brunei Darussalam,LFS - Labour Force Survey,2022,32.511
Brunei Darussalam,LFS - Labour Force Survey,2021,41.142
Brunei Darussalam,LFS - Labour Force Survey,2020,37.43
Brunei Darussalam,LFS - Labour Force Survey,2019,32.262
Brunei Darussalam,LFS - Labour Force Survey,2018,34.552
Brunei Darussalam,LFS - Labour Force Survey,2017,36.97
Brunei Darussalam,LFS - Labour Force Survey,2014,32.512
Bhutan,LFS - Labour Force Survey,2022,16.629
Bhutan,LFS - Labour Force Survey,2021,20.429
Bhutan,LFS - Labour Force Survey,2020,18.955
Bhutan,LFS - Labour Force Survey,2019,17.772
Bhutan,LFS - Labour Force Survey,2018,20.236
Botswana,HS - Multi-Topic Household Survey,2022,59.221
Botswana,HS - Multi-Topic Household Survey,2021,58.386
Botswana,HS - Multi-Topic Household Survey,2020,56.677
Botswana,HS - Multi-Topic Household Survey,2019,57.771
Switzerland,LFS - Labour Force Survey,2022,29.876
Switzerland,LFS - Labour Force Survey,2021,30.275
Switzerland,LFS - Labour Force Survey,2020,31.792
Switzerland,LFS - Labour Force Survey,2019,32.561
Switzerland,LFS - Labour Force Survey,2018,31.037
Switzerland,LFS - Labour Force Survey,2017,29.12
Switzerland,LFS - Labour Force Survey,2016,31.179
Switzerland,LFS - Labour Force Survey,2015,31.223
Switzerland,LFS - Labour Force Survey,2014,28.932
Switzerland,LFS - Labour Force Survey,2013,28.064
Switzerland,LFS - Labour Force Survey,2012,28.58
Switzerland,LFS - Labour Force Survey,2011,28.572
Switzerland,LFS - Labour Force Survey,2010,28.077
Switzerland,LFS - Labour Force Survey,2009,27.864
Switzerland,LFS - Labour Force Survey,2008,25.008
Switzerland,LFS - Labour Force Survey,2007,25.78
Switzerland,LFS - Labour Force Survey,2006,26.531
Switzerland,LFS - Labour Force Survey,2005,24.261
Switzerland,LFS - Labour Force Survey,2004,24.814
Switzerland,LFS - Labour Force Survey,2003,25.307
Switzerland,LFS - Labour Force Survey,2002,24.803
Switzerland,LFS - Labour Force Survey,2001,21.417
Switzerland,LFS - Labour Force Survey,2000,22.466
Switzerland,LFS - Labour Force Survey,1999,20.178
Switzerland,LFS - Labour Force Survey,1998,19.406
Switzerland,LFS - Labour Force Survey,1997,18.172
Switzerland,LFS - Labour Force Survey,1996,18.058
Chile,HS - National Survey on Socio-Economic Conditions,2022,31.603
Chile,HS - National Survey on Socio-Economic Conditions,2020,37.468
Chile,HS - National Survey on Socio-Economic Conditions,2017,43.072
Chile,HS - National Survey on Socio-Economic Conditions,2015,46.412
Chile,HS - National Survey on Socio-Economic Conditions,2013,44.653
Chile,HS - National Survey on Socio-Economic Conditions,2011,48.547
Chile,HS - National Survey on Socio-Economic Conditions,2009,28.295
Chile,HS - National Survey on Socio-Economic Conditions,2006,28.753
Chile,HS - National Survey on Socio-Economic Conditions,2003,42.604
Chile,HS - National Survey on Socio-Economic Conditions,2000,35.52
Chile,HS - National Survey on Socio-Economic Conditions,1998,33.598
Chile,HS - National Survey on Socio-Economic Conditions,1996,31.593
Chile,HS - National Survey on Socio-Economic Conditions,1994,29.028
Chile,HS - National Survey on Socio-Economic Conditions,1992,25.458
Côte d'Ivoire,LFS - National Survey on the Employment Situation,2019,
Côte d'Ivoire,LFS - National Survey on the Employment Situation,2016,22.156
Côte d'Ivoire,LFS - Regional Integrated Survey on Employment and the Informal Sector,2017,22.165
"Congo, Democratic Republic of the",LFS - Survey on Employment and household's living conditions,2005,5.452
"Congo, Democratic Republic of the",HIES - Indicator Cluster Survey,2020,29.581
Cook Islands,LFS - Labour Force Survey,2019,55.98
Cook Islands,HIES - Household Income and Expenditure Survey,2016,31.383
Colombia,LFS - Integrated Household Survey,2022,41.689
Colombia,LFS - Integrated Household Survey,2021,30.332
Colombia,LFS - Integrated Household Survey,2020,30.29
Colombia,LFS - Integrated Household Survey,2019,30.339
Colombia,LFS - Integrated Household Survey,2018,29.467
Colombia,LFS - Integrated Household Survey,2017,28.967
Colombia,LFS - Integrated Household Survey,2016,28.986
Colombia,LFS - Integrated Household Survey,2015,28.336
Colombia,LFS - Integrated Household Survey,2014,27.943
Colombia,LFS - Integrated Household Survey,2013,28.256
Colombia,LFS - Integrated Household Survey,2012,27.4
Colombia,LFS - Integrated Household Survey,2011,27.294
Colombia,LFS - Integrated Household Survey,2010,26.417
Colombia,LFS - Integrated Household Survey,2009,26.829
Colombia,LFS - Integrated Household Survey,2008,28.86
Colombia,LFS - Integrated Household Survey,2007,39.638
Colombia,HS - Continuous Household Survey,2005,26.972
Colombia,HS - Continuous Household Survey,2004,28.46
Colombia,HS - Continuous Household Survey,2003,28.711
Colombia,HS - Continuous Household Survey,2002,26.986
Cabo Verde,LFS - Continuous Multi-Objective Survey Employment and Labor Market Statistics,2009,28.977
Costa Rica,LFS - Continuous Employment Survey,2022,45.882
Costa Rica,LFS - Continuous Employment Survey,2021,41.629
Costa Rica,LFS - Continuous Employment Survey,2020,62.09
Costa Rica,LFS - Continuous Employment Survey,2019,42.767
Costa Rica,LFS - Continuous Employment Survey,2018,37.517
Costa Rica,LFS - Continuous Employment Survey,2017,41.426
Costa Rica,HS - Household Survey of Multiple Purposes,2007,26.572
Costa Rica,HS - Household Survey of Multiple Purposes,2006,29.915
Costa Rica,HS - Household Survey of Multiple Purposes,2005,24.875
Costa Rica,HS - Household Survey of Multiple Purposes,2004,26.19
Costa Rica,HS - Household Survey of Multiple Purposes,2003,29.045
Costa Rica,HS - Household Survey of Multiple Purposes,2002,26.253
Costa Rica,HS - Household Survey of Multiple Purposes,2001,25.239
Cyprus,LFS - Labour Force Survey,2022,25.542
Cyprus,LFS - Labour Force Survey,2021,22.427
Cyprus,LFS - Labour Force Survey,2020,25.216
Cyprus,LFS - Labour Force Survey,2019,23.736
Cyprus,LFS - Labour Force Survey,2018,19.699
Cyprus,LFS - Labour Force Survey,2017,22.351
Cyprus,LFS - Labour Force Survey,2016,26.99
Cyprus,LFS - Labour Force Survey,2015,25.219
Cyprus,LFS - Labour Force Survey,2014,18.136
Cyprus,LFS - Labour Force Survey,2013,18.701
Cyprus,LFS - Labour Force Survey,2012,16.438
Cyprus,LFS - Labour Force Survey,2011,14.665
Cyprus,LFS - Labour Force Survey,2010,14.32
Cyprus,LFS - Labour Force Survey,2009,13.761
Cyprus,LFS - Labour Force Survey,2008,20.436
Cyprus,LFS - Labour Force Survey,2007,17.689
Cyprus,LFS - Labour Force Survey,2006,17.226
Cyprus,LFS - Labour Force Survey,2005,17.068
Cyprus,LFS - Labour Force Survey,2004,15.569
Cyprus,LFS - Labour Force Survey,2003,17.938
Cyprus,LFS - Labour Force Survey,2002,17.301
Cyprus,LFS - Labour Force Survey,2001,18.55
Cyprus,LFS - Labour Force Survey,2000,18.489
Cyprus,LFS - Labour Force Survey,1999,12.858
Czechia,LFS - Labour Force Sample Survey,2022,25.845
Czechia,LFS - Labour Force Sample Survey,2021,27.57
Czechia,LFS - Labour Force Sample Survey,2020,26.987
Czechia,LFS - Labour Force Sample Survey,2019,26.128
Czechia,LFS - Labour Force Sample Survey,2018,26.2
Czechia,LFS - Labour Force Sample Survey,2017,23.96
Czechia,LFS - Labour Force Sample Survey,2016,23.02
Czechia,LFS - Labour Force Sample Survey,2015,27.525
Czechia,LFS - Labour Force Sample Survey,2014,26.307
Czechia,LFS - Labour Force Sample Survey,2013,24.341
Czechia,LFS - Labour Force Sample Survey,2012,22.924
Czechia,LFS - Labour Force Sample Survey,2011,23.764
Czechia,LFS - Labour Force Sample Survey,2010,27.845
Czechia,LFS - Labour Force Sample Survey,2009,28.907
Czechia,LFS - Labour Force Sample Survey,2008,29.289
Czechia,LFS - Labour Force Sample Survey,2007,29.5
Czechia,LFS - Labour Force Sample Survey,2006,30.697
Czechia,LFS - Labour Force Sample Survey,2005,31.596
Czechia,LFS - Labour Force Sample Survey,2004,29.421
Czechia,LFS - Labour Force Sample Survey,2003,30.373
Czechia,LFS - Labour Force Sample Survey,2002,28.767
Czechia,LFS - Labour Force Sample Survey,2001,28.902
Czechia,LFS - Labour Force Sample Survey,2000,27.834
Germany,LFS - EU Labour Force Survey,2020,27.081
Germany,LFS - EU Labour Force Survey,2019,28.626
Germany,LFS - EU Labour Force Survey,2018,28.582
Germany,LFS - EU Labour Force Survey,2017,28.215
Germany,LFS - EU Labour Force Survey,2016,28.091
Germany,LFS - EU Labour Force Survey,2015,28.044
Germany,LFS - EU Labour Force Survey,2014,27.761
Germany,LFS - EU Labour Force Survey,2013,27.522
Germany,LFS - EU Labour Force Survey,2012,27.062
Germany,LFS - EU Labour Force Survey,2011,27.94
Germany,LFS - EU Labour Force Survey,2010,27.513
Germany,LFS - EU Labour Force Survey,2009,26.816
Germany,LFS - EU Labour Force Survey,2008,25.694
Germany,LFS - EU Labour Force Survey,2007,24.771
Germany,LFS - EU Labour Force Survey,2006,24.193
Germany,LFS - EU Labour Force Survey,2005,23.563
Germany,LFS - EU Labour Force Survey,2004,22.764
Germany,LFS - EU Labour Force Survey,2003,23.06
Germany,LFS - EU Labour Force Survey,2002,21.99
Germany,LFS - EU Labour Force Survey,2001,20.59
Germany,LFS - EU Labour Force Survey,2000,20.664
Denmark,LFS - EU Labour Force Survey,2020,28.03
Denmark,LFS - EU Labour Force Survey,2019,26.632
Denmark,LFS - EU Labour Force Survey,2018,26.329
Denmark,LFS - EU Labour Force Survey,2017,26.999
Denmark,LFS - EU Labour Force Survey,2016,28.007
Denmark,LFS - EU Labour Force Survey,2015,26.189
Denmark,LFS - EU Labour Force Survey,2014,23.393
Denmark,LFS - EU Labour Force Survey,2013,23.698
Denmark,LFS - EU Labour Force Survey,2012,24.479
Denmark,LFS - EU Labour Force Survey,2011,28.504
Denmark,LFS - EU Labour Force Survey,2010,17.651
Denmark,LFS - EU Labour Force Survey,2009,18.755
Denmark,LFS - EU Labour Force Survey,2008,18.29
Denmark,LFS - EU Labour Force Survey,2007,25.304
Denmark,LFS - EU Labour Force Survey,2006,19.16
Denmark,LFS - EU Labour Force Survey,2005,20.564
Denmark,LFS - EU Labour Force Survey,2004,18.908
Denmark,LFS - EU Labour Force Survey,2003,20.003
Denmark,LFS - EU Labour Force Survey,2002,17.994
Denmark,LFS - EU Labour Force Survey,2001,16.66
Denmark,LFS - EU Labour Force Survey,2000,18.689
Dominican Republic,LFS - Continuous National Labour Force Survey,2022,58.712
Dominican Republic,LFS - Continuous National Labour Force Survey,2021,56.108
Dominican Republic,LFS - Continuous National Labour Force Survey,2020,47.621
Dominican Republic,LFS - Continuous National Labour Force Survey,2019,50.625
Dominican Republic,LFS - Continuous National Labour Force Survey,2018,45.551
Dominican Republic,LFS - Continuous National Labour Force Survey,2017,51.344
Dominican Republic,LFS - Continuous National Labour Force Survey,2016,47.617
Dominican Republic,LFS - Continuous National Labour Force Survey,2015,48.274
Dominican Republic,LFS - National Labour Force Survey,2014,46.67
Dominican Republic,LFS - National Labour Force Survey,2013,46.589
Dominican Republic,LFS - National Labour Force Survey,2012,57.969
Dominican Republic,LFS - National Labour Force Survey,2011,51.831
Dominican Republic,LFS - National Labour Force Survey,2010,46.2
Dominican Republic,LFS - National Labour Force Survey,2009,45.367
Dominican Republic,LFS - National Labour Force Survey,2008,37.514
Dominican Republic,LFS - National Labour Force Survey,2007,38.578
Dominican Republic,LFS - National Labour Force Survey,2006,45.003
Dominican Republic,LFS - National Labour Force Survey,2005,45.094
Dominican Republic,LFS - National Labour Force Survey,2004,40.334
Dominican Republic,LFS - National Labour Force Survey,2003,39.047
Dominican Republic,LFS - National Labour Force Survey,2002,31.499
Dominican Republic,LFS - National Labour Force Survey,2001,40.028
Dominican Republic,LFS - National Labour Force Survey,2000,36.937
Ecuador,"LFS - National Survey on Employment, Unemployment and Underemployment",2022,39.875
Ecuador,"LFS - National Survey on Employment, Unemployment and Underemployment",2021,37.598
Ecuador,"LFS - National Survey on Employment, Unemployment and Underemployment",2020,39.445
Ecuador,"LFS - National Survey on Employment, Unemployment and Underemployment",2019,37.27
Ecuador,"LFS - National Survey on Employment, Unemployment and Underemployment",2018,35.535
Ecuador,"LFS - National Survey on Employment, Unemployment and Underemployment",2017,35.312
Ecuador,"LFS - National Survey on Employment, Unemployment and Underemployment",2016,34.018
Ecuador,"LFS - National Survey on Employment, Unemployment and Underemployment",2015,33.507
Ecuador,"LFS - National Survey on Employment, Unemployment and Underemployment",2014,35.696
Ecuador,"LFS - National Survey on Employment, Unemployment and Underemployment",2013,34.571
Ecuador,"LFS - National Survey on Employment, Unemployment and Underemployment",2012,43.235
Ecuador,"LFS - National Survey on Employment, Unemployment and Underemployment",2011,43.856
Ecuador,"LFS - National Survey on Employment, Unemployment and Underemployment",2010,33.553
Ecuador,"LFS - National Survey on Employment, Unemployment and Underemployment",2009,32.678
Ecuador,"LFS - National Survey on Employment, Unemployment and Underemployment",2008,33.602
Ecuador,"LFS - National Survey on Employment, Unemployment and Underemployment",2007,40.105
Ecuador,"LFS - National Survey on Employment, Unemployment and Underemployment",2006,30.184
Ecuador,"LFS - National Survey on Employment, Unemployment and Underemployment",2005,33.673
Ecuador,"LFS - National Survey on Employment, Unemployment and Underemployment",2004,32.922
Ecuador,"LFS - National Survey on Employment, Unemployment and Underemployment",2003,34.415
Egypt,LFS - Labour Force Sample Survey,2021,20.474
Egypt,LFS - Labour Force Sample Survey,2020,20.706
Egypt,LFS - Labour Force Sample Survey,2019,7.09
Egypt,LFS - Labour Force Sample Survey,2018,7.354
Egypt,LFS - Labour Force Sample Survey,2017,6.365
Egypt,LFS - Labour Force Sample Survey,2016,7.106
Egypt,LFS - Labour Force Sample Survey,2015,6.415
Egypt,LFS - Labour Force Sample Survey,2013,7.124
Egypt,LFS - Labour Force Sample Survey,2012,9.729
Egypt,LFS - Labour Force Sample Survey,2011,13.514
Egypt,LFS - Labour Force Sample Survey,2010,13.876
Egypt,LFS - Labour Force Sample Survey,2009,13.996
Spain,LFS - EU Labour Force Survey,2020,36.478
Spain,LFS - EU Labour Force Survey,2019,33.711
Spain,LFS - EU Labour Force Survey,2018,31.914
Spain,LFS - EU Labour Force Survey,2017,30.894
Spain,LFS - EU Labour Force Survey,2016,30.319
Spain,LFS - EU Labour Force Survey,2015,30.364
Spain,LFS - EU Labour Force Survey,2014,29.453
Spain,LFS - EU Labour Force Survey,2013,29.366
Spain,LFS - EU Labour Force Survey,2012,28.768
Spain,LFS - EU Labour Force Survey,2011,28.083
Spain,LFS - EU Labour Force Survey,2010,27.131
Spain,LFS - EU Labour Force Survey,2009,24.702
Spain,LFS - EU Labour Force Survey,2008,23.735
Spain,LFS - EU Labour Force Survey,2007,23.776
Spain,LFS - EU Labour Force Survey,2006,23.146
Spain,LFS - EU Labour Force Survey,2005,21.467
Spain,LFS - EU Labour Force Survey,2004,19.146
Spain,LFS - EU Labour Force Survey,2003,15.857
Spain,LFS - EU Labour Force Survey,2002,18.142
Spain,LFS - EU Labour Force Survey,2001,17.587
Spain,LFS - EU Labour Force Survey,2000,15.473
Estonia,LFS - Labour Force Survey,2021,39.832
Estonia,LFS - Labour Force Survey,2020,35.828
Estonia,LFS - Labour Force Survey,2019,35.113
Estonia,LFS - Labour Force Survey,2018,33.241
Estonia,LFS - Labour Force Survey,2017,34.33
Estonia,LFS - Labour Force Survey,2016,31.631
Estonia,LFS - Labour Force Survey,2015,27.837
Estonia,LFS - Labour Force Survey,2014,30.845
Estonia,LFS - Labour Force Survey,2013,32.81
Estonia,LFS - Labour Force Survey,2012,31.624
Estonia,LFS - Labour Force Survey,2011,34.634
Estonia,LFS - Labour Force Survey,2010,38.373
Estonia,LFS - Labour Force Survey,2009,34.339
Estonia,LFS - Labour Force Survey,2008,36.596
Estonia,LFS - Labour Force Survey,2007,34.91
Estonia,LFS - Labour Force Survey,2006,39.628
Estonia,LFS - Labour Force Survey,2005,41.037
Estonia,LFS - Labour Force Survey,2004,41.232
Estonia,LFS - Labour Force Survey,2003,34.797
Estonia,LFS - Labour Force Survey,2002,37.169
Estonia,LFS - Labour Force Survey,2001,38.17
Estonia,LFS - Labour Force Survey,2000,34.826
Estonia,LFS - Labour Force Survey,1999,33.94
Estonia,LFS - Labour Force Survey,1998,29.244
Estonia,LFS - Labour Force Survey,1997,34.888
Ethiopia,LFS - National Labor Force Survey,2021,27
Ethiopia,LFS - National Labor Force Survey,2013,21.082
Ethiopia,LFS - National Labor Force Survey,2005,15.074
Ethiopia,LFS - National Labor Force Survey,1999,14.066
Finland,LFS - EU Labour Force Survey,2020,37.477
Finland,LFS - EU Labour Force Survey,2019,36.755
Finland,LFS - EU Labour Force Survey,2018,32.015
Finland,LFS - EU Labour Force Survey,2017,31.447
Finland,LFS - EU Labour Force Survey,2016,34.058
Finland,LFS - EU Labour Force Survey,2015,33.493
Finland,LFS - EU Labour Force Survey,2014,34.258
Finland,LFS - EU Labour Force Survey,2013,29.472
Finland,LFS - EU Labour Force Survey,2012,29.67
Finland,LFS - EU Labour Force Survey,2011,31.088
Finland,LFS - EU Labour Force Survey,2010,34.336
Finland,LFS - EU Labour Force Survey,2009,34.714
Finland,LFS - EU Labour Force Survey,2008,33.579
Finland,LFS - EU Labour Force Survey,2007,32.283
Finland,LFS - EU Labour Force Survey,2006,33.854
Finland,LFS - EU Labour Force Survey,2005,32.672
Finland,LFS - EU Labour Force Survey,2004,30.679
Finland,LFS - EU Labour Force Survey,2003,30.932
Finland,LFS - EU Labour Force Survey,2002,30.226
Finland,LFS - EU Labour Force Survey,2001,29.74
Finland,LFS - EU Labour Force Survey,2000,27.552
Fiji,"LFS - Employment, Unemployment Survey",2016,38.583
Fiji,"LFS - Employment, Unemployment Survey",2011,30.713
France,LFS - Employment Survey,2022,39.39
France,LFS - Employment Survey,2021,36.775
France,LFS - Employment Survey,2020,34.946
France,LFS - Employment Survey,2019,34.296
France,LFS - Employment Survey,2018,34.381
France,LFS - Employment Survey,2017,32.639
France,LFS - Employment Survey,2016,31.073
France,LFS - Employment Survey,2015,30.934
France,LFS - Employment Survey,2014,32.028
France,LFS - Employment Survey,2013,35.583
France,LFS - Employment Survey,2012,39.205
France,LFS - Employment Survey,2011,39.128
France,LFS - Employment Survey,2010,38.588
France,LFS - Employment Survey,2009,37.369
France,LFS - Employment Survey,2008,36.787
France,LFS - Employment Survey,2007,36.459
France,LFS - Employment Survey,2006,37.009
France,LFS - Employment Survey,2005,36.365
"Micronesia, Federated States of",HIES - Household Income and Expenditure Survey,2014,18.189
United Kingdom,LFS - EU Labour Force Survey,2019,34.91
United Kingdom,LFS - EU Labour Force Survey,2018,34.234
United Kingdom,LFS - EU Labour Force Survey,2017,34.359
United Kingdom,LFS - EU Labour Force Survey,2016,33.776
United Kingdom,LFS - EU Labour Force Survey,2015,32.404
United Kingdom,LFS - EU Labour Force Survey,2014,32.861
United Kingdom,LFS - EU Labour Force Survey,2013,32.309
United Kingdom,LFS - EU Labour Force Survey,2012,32.386
United Kingdom,LFS - EU Labour Force Survey,2011,32.123
United Kingdom,LFS - EU Labour Force Survey,2010,35.98
United Kingdom,LFS - EU Labour Force Survey,2009,35.377
United Kingdom,LFS - EU Labour Force Survey,2008,34.75
United Kingdom,LFS - EU Labour Force Survey,2007,34.354
United Kingdom,LFS - EU Labour Force Survey,2006,34.259
United Kingdom,LFS - EU Labour Force Survey,2005,33.612
United Kingdom,LFS - EU Labour Force Survey,2004,32.457
United Kingdom,LFS - EU Labour Force Survey,2003,31.47
United Kingdom,LFS - EU Labour Force Survey,2002,31.387
United Kingdom,LFS - EU Labour Force Survey,2001,29.62
United Kingdom,LFS - EU Labour Force Survey,2000,34.689
Georgia,LFS - Labour Force Survey,2020,33.763
Georgia,LFS - Labour Force Survey,2019,36.652
Georgia,LFS - Labour Force Survey,2018,35.683
Georgia,LFS - Labour Force Survey,2017,31.992
Georgia,HS - Integrated Household Survey,2016,44.175
Georgia,HS - Integrated Household Survey,2015,38.785
Georgia,HS - Integrated Household Survey,2014,33.755
Georgia,HS - Integrated Household Survey,2013,32.751
Georgia,HS - Integrated Household Survey,2012,31.007
Georgia,HS - Integrated Household Survey,2011,33.525
Georgia,HS - Integrated Household Survey,2010,29.767
Georgia,HS - Integrated Household Survey,2009,29.987
Ghana,LFS - Labour Force Survey,2015,33.112
Ghana,HIES - Living Standards Survey,2017,26.564
Ghana,HIES - Living Standards Survey,2013,26.674
Ghana,HIES - Living Standards Survey,2006,11.609
Guinea,LFS - National Survey on Employment and the Informal Sector,2019,
Gambia,LFS - Labour Force Survey,2023,31.368
Gambia,LFS - Labour Force Survey,2012,32.664
Greece,LFS - Labour Force Survey,2022,33.735
Greece,LFS - Labour Force Survey,2021,29.441
Greece,LFS - Labour Force Survey,2020,28.441
Greece,LFS - Labour Force Survey,2019,30.54
Greece,LFS - Labour Force Survey,2018,30.402
Greece,LFS - Labour Force Survey,2017,29.885
Greece,LFS - Labour Force Survey,2016,24.698
Greece,LFS - Labour Force Survey,2015,24.759
Greece,LFS - Labour Force Survey,2014,27.753
Greece,LFS - Labour Force Survey,2013,25.656
Greece,LFS - Labour Force Survey,2012,22.173
Greece,LFS - Labour Force Survey,2011,22.08
Greece,LFS - Labour Force Survey,2010,29.849
Greece,LFS - Labour Force Survey,2009,29.795
Greece,LFS - Labour Force Survey,2008,28.3
Greece,LFS - Labour Force Survey,2007,28.027
Greece,LFS - Labour Force Survey,2006,26.662
Greece,LFS - Labour Force Survey,2005,23.688
Greece,LFS - Labour Force Survey,2004,22.901
Greece,LFS - Labour Force Survey,2003,21.157
Greece,LFS - Labour Force Survey,2002,17.734
Greece,LFS - Labour Force Survey,2001,19.77
Greece,LFS - Labour Force Survey,2000,20.712
Greece,LFS - Labour Force Survey,1999,19.676
Greece,LFS - Labour Force Survey,1998,20.421
Greece,LFS - Labour Force Survey,1997,17.603
Greece,LFS - Labour Force Survey,1996,18.93
Greece,LFS - Labour Force Survey,1995,13.3
Greece,LFS - Labour Force Survey,1994,17.092
Greece,LFS - Labour Force Survey,1993,15.253
Grenada,LFS - Labour Force Survey,2020,36.305
Grenada,LFS - Labour Force Survey,2019,33.279
Grenada,LFS - Labour Force Survey,2018,49.449
Guatemala,LFS - Monthly Employment and Income Survey,2022,37.642
Guatemala,LFS - Monthly Employment and Income Survey,2021,48.03
Guatemala,LFS - Monthly Employment and Income Survey,2019,39.358
Guatemala,LFS - Monthly Employment and Income Survey,2018,37.789
Guatemala,LFS - Monthly Employment and Income Survey,2017,34.497
Guatemala,LFS - Monthly Employment and Income Survey,2016,39.173
Guatemala,LFS - Monthly Employment and Income Survey,2015,34.627
Guatemala,LFS - Monthly Employment and Income Survey,2014,35.438
Guatemala,LFS - Monthly Employment and Income Survey,2013,29.405
Guatemala,LFS - Monthly Employment and Income Survey,2012,35.571
Guatemala,LFS - Monthly Employment and Income Survey,2011,60.726
Guatemala,LFS - Monthly Employment and Income Survey,2010,33.151
Guatemala,LFS - Monthly Employment and Income Survey,2004,46.556
Guatemala,LFS - Monthly Employment and Income Survey,2003,25.519
Guatemala,HIES - Living Conditions National Survey,2006,32.622
Guyana,LFS - Labour Force Survey,2019,45.868
Guyana,LFS - Labour Force Survey,2018,38.473
Honduras,HS - Continous Multi-Purpose Household Survey,2022,27.906
Honduras,HS - Continous Multi-Purpose Household Survey,2020,39.664
Honduras,HS - Continous Multi-Purpose Household Survey,2019,47.47
Honduras,HS - Continous Multi-Purpose Household Survey,2018,47.107
Honduras,HS - Continous Multi-Purpose Household Survey,2017,41.044
Honduras,HS - Continous Multi-Purpose Household Survey,2016,41.081
Honduras,HS - Continous Multi-Purpose Household Survey,2015,42.386
Honduras,HS - Continous Multi-Purpose Household Survey,2014,42.324
Honduras,HS - Continous Multi-Purpose Household Survey,2013,36.213
Honduras,HS - Continous Multi-Purpose Household Survey,2012,35.894
Honduras,HS - Continous Multi-Purpose Household Survey,2011,31.563
Honduras,HS - Continous Multi-Purpose Household Survey,2010,35.542
Honduras,HS - Continous Multi-Purpose Household Survey,2009,34.249
Honduras,HS - Continous Multi-Purpose Household Survey,2008,33.317
Honduras,HS - Continous Multi-Purpose Household Survey,2007,33.766
Honduras,HS - Continous Multi-Purpose Household Survey,2006,33.831
Honduras,HS - Continous Multi-Purpose Household Survey,2005,33.152
Croatia,LFS - EU Labour Force Survey,2020,29.129
Croatia,LFS - EU Labour Force Survey,2019,24.268
Croatia,LFS - EU Labour Force Survey,2018,26.095
Croatia,LFS - EU Labour Force Survey,2017,27.88
Croatia,LFS - EU Labour Force Survey,2016,29.502
Croatia,LFS - EU Labour Force Survey,2015,26.118
Croatia,LFS - EU Labour Force Survey,2014,24.365
Croatia,LFS - EU Labour Force Survey,2013,23.871
Croatia,LFS - EU Labour Force Survey,2012,25.768
Croatia,LFS - EU Labour Force Survey,2011,23.572
Croatia,LFS - EU Labour Force Survey,2010,27.426
Croatia,LFS - EU Labour Force Survey,2009,37.204
Croatia,LFS - EU Labour Force Survey,2008,32.103
Croatia,LFS - EU Labour Force Survey,2007,22.72
Croatia,LFS - EU Labour Force Survey,2006,27.471
Croatia,LFS - EU Labour Force Survey,2005,28.214
Croatia,LFS - EU Labour Force Survey,2004,17.511
Croatia,LFS - EU Labour Force Survey,2003,28.261
Croatia,LFS - EU Labour Force Survey,2002,26.75
Hungary,LFS - Labour Force Survey,2021,36.018
Hungary,LFS - Labour Force Survey,2020,36.777
Hungary,LFS - Labour Force Survey,2019,35.904
Hungary,LFS - Labour Force Survey,2018,37.051
Hungary,LFS - Labour Force Survey,2017,37.636
Hungary,LFS - Labour Force Survey,2016,37.725
Hungary,LFS - Labour Force Survey,2015,39.062
Hungary,LFS - Labour Force Survey,2014,37.587
Hungary,LFS - Labour Force Survey,2013,38.259
Hungary,LFS - Labour Force Survey,2012,36.255
Hungary,LFS - Labour Force Survey,2011,38.223
Hungary,LFS - Labour Force Survey,2010,39.963
Hungary,LFS - Labour Force Survey,2009,39.904
Hungary,LFS - Labour Force Survey,2008,40.778
Hungary,LFS - Labour Force Survey,2007,39.04
Hungary,LFS - Labour Force Survey,2006,40.939
Hungary,LFS - Labour Force Survey,2005,39.4
Hungary,LFS - Labour Force Survey,2004,36.649
Hungary,LFS - Labour Force Survey,2003,37.191
Hungary,LFS - Labour Force Survey,2002,37.86
Hungary,LFS - Labour Force Survey,2001,37.647
Hungary,LFS - Labour Force Survey,2000,34.193
Hungary,LFS - Labour Force Survey,1999,36.175
Hungary,LFS - Labour Force Survey,1998,38.073
Hungary,LFS - Labour Force Survey,1997,33.811
Hungary,LFS - Labour Force Survey,1996,68.511
Indonesia,LFS - National Labour Force Survey,2010,19.429
Indonesia,LFS - National Labour Force Survey,2009,18.063
Indonesia,LFS - National Labour Force Survey,2008,16.442
Indonesia,LFS - National Labour Force Survey,2007,15.815
Indonesia,LFS - National Labour Force Survey,1994,16.154
India,LFS - Periodic Labour Force Survey,2022,16.209
India,LFS - Periodic Labour Force Survey,2021,16.956
India,LFS - Periodic Labour Force Survey,2020,17.328
India,LFS - Periodic Labour Force Survey,2019,17.001
India,LFS - Periodic Labour Force Survey,2018,14.356
India,HS - National Sample Survey,2010,12.153
Ireland,LFS - EU Labour Force Survey,2020,32.372
Ireland,LFS - EU Labour Force Survey,2019,30.417
Ireland,LFS - EU Labour Force Survey,2018,32.163
Ireland,LFS - EU Labour Force Survey,2017,31.04
Ireland,LFS - EU Labour Force Survey,2016,31.874
Ireland,LFS - EU Labour Force Survey,2015,29.937
Ireland,LFS - EU Labour Force Survey,2014,30.95
Ireland,LFS - EU Labour Force Survey,2013,29.936
Ireland,LFS - EU Labour Force Survey,2012,29.923
Ireland,LFS - EU Labour Force Survey,2011,30.633
Ireland,LFS - EU Labour Force Survey,2010,39.811
Ireland,LFS - EU Labour Force Survey,2009,40.084
Ireland,LFS - EU Labour Force Survey,2008,42.221
Ireland,LFS - EU Labour Force Survey,2007,40.26
Ireland,LFS - EU Labour Force Survey,2006,41.417
Ireland,LFS - EU Labour Force Survey,2005,43.593
Ireland,LFS - EU Labour Force Survey,2004,39.72
Ireland,LFS - EU Labour Force Survey,2003,40.803
Ireland,LFS - EU Labour Force Survey,2002,38.659
Ireland,LFS - EU Labour Force Survey,2001,38.347
Ireland,LFS - EU Labour Force Survey,2000,33.692
"Iran, Islamic Republic of",LFS - Labour Force Survey,2022,19.182
"Iran, Islamic Republic of",LFS - Labour Force Survey,2021,19.885
"Iran, Islamic Republic of",LFS - Labour Force Survey,2020,18.678
"Iran, Islamic Republic of",LFS - Labour Force Survey,2019,19.818
"Iran, Islamic Republic of",LFS - Labour Force Survey,2018,21.733
"Iran, Islamic Republic of",LFS - Labour Force Survey,2017,20.46
"Iran, Islamic Republic of",LFS - Labour Force Survey,2016,11.723
"Iran, Islamic Republic of",LFS - Labour Force Survey,2015,11.196
"Iran, Islamic Republic of",LFS - Labour Force Survey,2014,4.515
"Iran, Islamic Republic of",LFS - Labour Force Survey,2013,3.573
"Iran, Islamic Republic of",LFS - Labour Force Survey,2012,1.194
"Iran, Islamic Republic of",LFS - Labour Force Survey,2011,7.093
"Iran, Islamic Republic of",LFS - Labour Force Survey,2010,7.352
"Iran, Islamic Republic of",LFS - Labour Force Survey,2009,1.875
"Iran, Islamic Republic of",LFS - Labour Force Survey,2008,
Iraq,LFS - Labour Force Survey,2021,17.527
Iraq,HIES - Household Socio-Economic Survey,2012,22.676
Iraq,HIES - Household Socio-Economic Survey,2007,13.647
Iceland,LFS - EU Labour Force Survey,2020,38.621
Iceland,LFS - EU Labour Force Survey,2019,44.006
Iceland,LFS - EU Labour Force Survey,2018,43.047
Iceland,LFS - EU Labour Force Survey,2017,32.956
Iceland,LFS - EU Labour Force Survey,2016,34.761
Iceland,LFS - EU Labour Force Survey,2015,39.506
Iceland,LFS - EU Labour Force Survey,2014,38.244
Iceland,LFS - EU Labour Force Survey,2013,37.867
Iceland,LFS - EU Labour Force Survey,2012,38.196
Iceland,LFS - EU Labour Force Survey,2011,39.086
Iceland,LFS - EU Labour Force Survey,2010,37.145
Iceland,LFS - EU Labour Force Survey,2009,38.354
Iceland,LFS - EU Labour Force Survey,2008,36.961
Iceland,LFS - EU Labour Force Survey,2007,33.055
Iceland,LFS - EU Labour Force Survey,2006,33.968
Iceland,LFS - EU Labour Force Survey,2005,30.044
Iceland,LFS - EU Labour Force Survey,2004,38.116
Iceland,LFS - EU Labour Force Survey,2003,40
Iceland,LFS - EU Labour Force Survey,2002,32.256
Iceland,LFS - EU Labour Force Survey,2001,30.184
Iceland,LFS - EU Labour Force Survey,2000,30.411
Israel,LFS - Labour Force Survey,2022,33.379
Israel,LFS - Labour Force Survey,2021,30.063
Israel,LFS - Labour Force Survey,2020,28.78
Israel,LFS - Labour Force Survey,2019,30.828
Israel,LFS - Labour Force Survey,2018,33.446
Israel,LFS - Labour Force Survey,2017,34.838
Israel,LFS - Labour Force Survey,2016,34.33
Israel,LFS - Labour Force Survey,2015,31.929
Israel,LFS - Labour Force Survey,2014,32.407
Israel,LFS - Labour Force Survey,2013,32.498
Israel,LFS - Labour Force Survey,2012,31.697
Italy,LFS - EU Labour Force Survey,2020,22.988
Italy,LFS - EU Labour Force Survey,2019,23.271
Italy,LFS - EU Labour Force Survey,2018,23.161
Italy,LFS - EU Labour Force Survey,2017,22.356
Italy,LFS - EU Labour Force Survey,2016,22.046
Italy,LFS - EU Labour Force Survey,2015,21.757
Italy,LFS - EU Labour Force Survey,2014,21.912
Italy,LFS - EU Labour Force Survey,2013,22.018
Italy,LFS - EU Labour Force Survey,2012,22.214
Italy,LFS - EU Labour Force Survey,2011,21.588
Italy,LFS - EU Labour Force Survey,2010,21.164
Italy,LFS - EU Labour Force Survey,2009,21.572
Italy,LFS - EU Labour Force Survey,2008,21.62
Italy,LFS - EU Labour Force Survey,2007,22.014
Italy,LFS - EU Labour Force Survey,2006,21.762
Italy,LFS - EU Labour Force Survey,2005,19.673
Italy,LFS - EU Labour Force Survey,2004,18.769
Italy,LFS - EU Labour Force Survey,2003,20.838
Italy,LFS - EU Labour Force Survey,2002,20.188
Italy,LFS - EU Labour Force Survey,2001,18.757
Italy,LFS - EU Labour Force Survey,2000,14.324
Jamaica,LFS - Labour Force Survey,2014,63.913
Jamaica,LFS - Labour Force Survey,2013,63.984
Jamaica,LFS - Labour Force Survey,2012,62.506
Jamaica,LFS - Labour Force Survey,2011,60.264
Jamaica,LFS - Labour Force Survey,2010,63.273
Jamaica,LFS - Labour Force Survey,2009,61.454
Jamaica,LFS - Labour Force Survey,2008,61.371
Jordan,LFS - Employment and Unemployment Survey,2021,57.244
Jordan,LFS - Employment and Unemployment Survey,2020,60.247
Jordan,LFS - Employment and Unemployment Survey,2019,61.956
Jordan,LFS - Employment and Unemployment Survey,2018,58.189
Jordan,LFS - Employment and Unemployment Survey,2017,63.299
Japan,LFS - Labour Force Survey,2020,13.061
Japan,LFS - Labour Force Survey,2019,14.724
Japan,LFS - Labour Force Survey,2018,14.384
Japan,LFS - Labour Force Survey,2017,12.778
Japan,LFS - Labour Force Survey,2016,13.327
Japan,LFS - Labour Force Survey,2015,12.047
Japan,LFS - Labour Force Survey,2014,11.387
Japan,LFS - Labour Force Survey,2013,10.851
Japan,LFS - Labour Force Survey,2012,11.307
Japan,LFS - Labour Force Survey,2011,11.735
Japan,LFS - Labour Force Survey,2010,10.412
Japan,LFS - Labour Force Survey,2009,10.235
Japan,LFS - Labour Force Survey,2008,9.528
Japan,LFS - Labour Force Survey,2007,9.51
Japan,LFS - Labour Force Survey,2006,10.213
Japan,LFS - Labour Force Survey,2005,9.93
Japan,LFS - Labour Force Survey,2004,9.536
Japan,LFS - Labour Force Survey,2003,9.49
Japan,LFS - Labour Force Survey,2002,9.713
Japan,LFS - Labour Force Survey,2001,9.158
Japan,LFS - Labour Force Survey,2000,9.411
Kenya,LFS - Labour Force Survey,1999,13.219
Kenya,HIES - Household Budget Survey,2019,49.624
Kyrgyzstan,LFS - Employment and Unemployment Survey,2021,35.815
Kyrgyzstan,LFS - Employment and Unemployment Survey,2020,42.474
Kyrgyzstan,LFS - Employment and Unemployment Survey,2019,40.864
Kyrgyzstan,LFS - Employment and Unemployment Survey,2018,37.777
Kyrgyzstan,LFS - Employment and Unemployment Survey,2017,34.19
Kyrgyzstan,LFS - Employment and Unemployment Survey,2016,35.157
Kyrgyzstan,LFS - Employment and Unemployment Survey,2015,36.15
Kyrgyzstan,LFS - Employment and Unemployment Survey,2014,33.441
Kyrgyzstan,LFS - Employment and Unemployment Survey,2013,27.536
Kyrgyzstan,LFS - Employment and Unemployment Survey,2012,32.19
Kyrgyzstan,LFS - Employment and Unemployment Survey,2011,29.09
Kyrgyzstan,LFS - Employment and Unemployment Survey,2010,32.348
Cambodia,LFS - Labour Force Survey,2019,29.234
Cambodia,LFS - Labour Force Survey,2012,16.673
Cambodia,LFS - Labour Force Survey,2001,10.556
Cambodia,LFS - Labour Force Survey,2000,15.359
Cambodia,HIES - Household Socio-Economic Survey,2021,24.619
Cambodia,HIES - Household Socio-Economic Survey,2020,24.532
Cambodia,HIES - Household Socio-Economic Survey,2017,20.152
Cambodia,HIES - Household Socio-Economic Survey,2016,33.142
Cambodia,HIES - Household Socio-Economic Survey,2015,25.094
Cambodia,HIES - Household Socio-Economic Survey,2014,15.887
Cambodia,HIES - Household Socio-Economic Survey,2013,22.47
Cambodia,HIES - Household Socio-Economic Survey,2011,14.639
Cambodia,HIES - Household Socio-Economic Survey,2010,12.802
Cambodia,HIES - Household Socio-Economic Survey,2009,17.485
Cambodia,HIES - Household Socio-Economic Survey,2008,18.695
Cambodia,HIES - Household Socio-Economic Survey,2007,27.65
Cambodia,HIES - Household Socio-Economic Survey,2003,17.318
Cambodia,HIES - Household Socio-Economic Survey,1999,5.741
Cambodia,HIES - Household Socio-Economic Survey,1997,6.932
Cambodia,HIES - Household Socio-Economic Survey,1996,6.832
Kiribati,HIES - Household Income and Expenditure Survey,2019,38.478
Kiribati,PC - Population Census,2020,40.905
Kiribati,PC - Population Census,2015,37.224
Kosovo,LFS - Labour Force Survey,2022,28.32
Kosovo,LFS - Labour Force Survey,2021,23.029
Kosovo,LFS - Labour Force Survey,2020,17.396
Kosovo,LFS - Labour Force Survey,2019,14.341
Kosovo,LFS - Labour Force Survey,2018,17.446
Kosovo,LFS - Labour Force Survey,2017,14.934
Kosovo,LFS - Labour Force Survey,2016,14.022
Kosovo,LFS - Labour Force Survey,2015,14.753
Kosovo,LFS - Labour Force Survey,2014,16.052
Kosovo,LFS - Labour Force Survey,2013,16.986
Kosovo,LFS - Labour Force Survey,2012,15.319
Lao People's Democratic Republic,LFS - Labour Force Survey,2022,25.681
Lao People's Democratic Republic,LFS - Labour Force Survey,2017,23.411
Lebanon,LFS - Labour Force Survey,2019,28.87
Liberia,LFS - Labour Force Survey,2017,26.06
Liberia,LFS - Labour Force Survey,2010,21.381
Sri Lanka,LFS - Labour Force Survey,2020,26.074
Sri Lanka,LFS - Labour Force Survey,2019,25.639
Sri Lanka,LFS - Labour Force Survey,2018,22.524
Sri Lanka,LFS - Labour Force Survey,2017,23.165
Sri Lanka,LFS - Labour Force Survey,2016,25.635
Sri Lanka,LFS - Labour Force Survey,2015,23.74
Sri Lanka,LFS - Labour Force Survey,2014,23.998
Sri Lanka,LFS - Labour Force Survey,2013,23.48
Sri Lanka,LFS - Labour Force Survey,2011,25.346
Sri Lanka,LFS - Labour Force Survey,2010,23.731
Lesotho,LFS - Labour Force Survey,2019,31.662
Lithuania,LFS - EU Labour Force Survey,2020,37.335
Lithuania,LFS - EU Labour Force Survey,2019,38.591
Lithuania,LFS - EU Labour Force Survey,2018,38.155
Lithuania,LFS - EU Labour Force Survey,2017,37.92
Lithuania,LFS - EU Labour Force Survey,2016,38.823
Lithuania,LFS - EU Labour Force Survey,2015,38.099
Lithuania,LFS - EU Labour Force Survey,2014,35.362
Lithuania,LFS - EU Labour Force Survey,2013,36.458
Lithuania,LFS - EU Labour Force Survey,2012,35.3
Lithuania,LFS - EU Labour Force Survey,2011,36.469
Lithuania,LFS - EU Labour Force Survey,2010,41.978
Lithuania,LFS - EU Labour Force Survey,2009,40.286
Lithuania,LFS - EU Labour Force Survey,2008,41.447
Lithuania,LFS - EU Labour Force Survey,2007,40.283
Lithuania,LFS - EU Labour Force Survey,2006,42.763
Lithuania,LFS - EU Labour Force Survey,2005,44.963
Lithuania,LFS - EU Labour Force Survey,2004,46.805
Lithuania,LFS - EU Labour Force Survey,2003,41.494
Lithuania,LFS - EU Labour Force Survey,2002,48.448
Lithuania,LFS - EU Labour Force Survey,2001,50.034
Lithuania,LFS - EU Labour Force Survey,2000,42.802
Luxembourg,LFS - EU Labour Force Survey,2020,28.166
Luxembourg,LFS - EU Labour Force Survey,2019,26.526
Luxembourg,LFS - EU Labour Force Survey,2018,22.508
Luxembourg,LFS - EU Labour Force Survey,2017,16.076
Luxembourg,LFS - EU Labour Force Survey,2016,14.887
Luxembourg,LFS - EU Labour Force Survey,2015,13.987
Luxembourg,LFS - EU Labour Force Survey,2014,17.905
Luxembourg,LFS - EU Labour Force Survey,2013,14.619
Luxembourg,LFS - EU Labour Force Survey,2012,16.972
Luxembourg,LFS - EU Labour Force Survey,2011,18.28
Luxembourg,LFS - EU Labour Force Survey,2010,19.641
Luxembourg,LFS - EU Labour Force Survey,2009,15.435
Luxembourg,LFS - EU Labour Force Survey,2008,15.307
Luxembourg,LFS - EU Labour Force Survey,2007,9.743
Luxembourg,LFS - EU Labour Force Survey,2006,21.164
Luxembourg,LFS - EU Labour Force Survey,2005,9.346
Luxembourg,LFS - EU Labour Force Survey,2004,12.172
Luxembourg,LFS - EU Labour Force Survey,2003,11.169
Luxembourg,LFS - EU Labour Force Survey,2002,14.972
Luxembourg,LFS - EU Labour Force Survey,2001,11.096
Luxembourg,LFS - EU Labour Force Survey,2000,24.131
Latvia,LFS - EU Labour Force Survey,2020,46.165
Latvia,LFS - EU Labour Force Survey,2019,43.536
Latvia,LFS - EU Labour Force Survey,2018,43.222
Latvia,LFS - EU Labour Force Survey,2017,44.137
Latvia,LFS - EU Labour Force Survey,2016,46.299
Latvia,LFS - EU Labour Force Survey,2015,44.261
Latvia,LFS - EU Labour Force Survey,2014,42.054
Latvia,LFS - EU Labour Force Survey,2013,42.225
Latvia,LFS - EU Labour Force Survey,2012,44.639
Latvia,LFS - EU Labour Force Survey,2011,44.345
Latvia,LFS - EU Labour Force Survey,2010,39.082
Latvia,LFS - EU Labour Force Survey,2009,41.456
Latvia,LFS - EU Labour Force Survey,2008,41.245
Latvia,LFS - EU Labour Force Survey,2007,42.105
Latvia,LFS - EU Labour Force Survey,2006,40.856
Latvia,LFS - EU Labour Force Survey,2005,41.997
Latvia,LFS - EU Labour Force Survey,2004,42.475
Latvia,LFS - EU Labour Force Survey,2003,45.384
Latvia,LFS - EU Labour Force Survey,2002,38.089
Latvia,LFS - EU Labour Force Survey,2001,39.979
Latvia,LFS - EU Labour Force Survey,2000,37.068
Madagascar,LFS - National Survey on Employment and the Informal Sector,2015,31.765
Madagascar,LFS - National Survey on Employment and the Informal Sector,2012,24.561
Maldives,HIES - Household Income and Expenditure Survey,2019,22.595
Maldives,HIES - Household Income and Expenditure Survey,2016,19.517
Maldives,HIES - Household Income and Expenditure Survey,2009,16.664
Maldives,PC - Population Census,2014,20.777
Mexico,LFS - National Occupation and Employment Survey,2022,39.071
Mexico,LFS - National Occupation and Employment Survey,2021,38.722
Mexico,LFS - National Occupation and Employment Survey,2020,39.739
Mexico,LFS - National Occupation and Employment Survey,2019,36.598
Mexico,LFS - National Occupation and Employment Survey,2018,36.27
Mexico,LFS - National Occupation and Employment Survey,2017,37.275
Mexico,LFS - National Occupation and Employment Survey,2016,36.452
Mexico,LFS - National Occupation and Employment Survey,2015,36.131
Mexico,LFS - National Occupation and Employment Survey,2014,35.954
Mexico,LFS - National Occupation and Employment Survey,2013,35.834
Marshall Islands,HIES - Household Income and Expenditure Survey,2019,25.08
Marshall Islands,PC - Population Census,2021,32.713
North Macedonia,LFS - Labour Force Survey,2022,29.798
North Macedonia,LFS - Labour Force Survey,2021,24.99
North Macedonia,LFS - Labour Force Survey,2020,24.17
North Macedonia,LFS - Labour Force Survey,2019,28.151
North Macedonia,LFS - Labour Force Survey,2018,28.212
North Macedonia,LFS - Labour Force Survey,2017,22.536
North Macedonia,LFS - Labour Force Survey,2016,27.275
North Macedonia,LFS - Labour Force Survey,2015,23.002
North Macedonia,LFS - Labour Force Survey,2014,25.954
North Macedonia,LFS - Labour Force Survey,2013,24.667
North Macedonia,LFS - Labour Force Survey,2012,23.28
North Macedonia,LFS - Labour Force Survey,2011,26.504
North Macedonia,LFS - Labour Force Survey,2010,26.959
North Macedonia,LFS - Labour Force Survey,2009,26.76
North Macedonia,LFS - Labour Force Survey,2008,28.537
North Macedonia,LFS - Labour Force Survey,2007,29.306
North Macedonia,LFS - Labour Force Survey,2006,26.437
Myanmar,LFS - Labour Force Survey,2020,40.969
Myanmar,LFS - Labour Force Survey,2019,34.144
Myanmar,LFS - Labour Force Survey,2018,32.062
Myanmar,LFS - Labour Force Survey,2017,31.477
Myanmar,LFS - Labour Force Survey,2015,28.339
Montenegro,LFS - Labour Force Survey,2021,28.266
Montenegro,LFS - Labour Force Survey,2020,25.251
Montenegro,LFS - Labour Force Survey,2019,28.196
Montenegro,LFS - Labour Force Survey,2018,23.831
Montenegro,LFS - Labour Force Survey,2017,25.42
Montenegro,LFS - Labour Force Survey,2016,24.894
Montenegro,LFS - Labour Force Survey,2015,17.575
Montenegro,LFS - Labour Force Survey,2014,24.626
Montenegro,LFS - Labour Force Survey,2013,22.652
Montenegro,LFS - Labour Force Survey,2012,23.298
Montenegro,LFS - Labour Force Survey,2011,35.689
Mongolia,LFS - Labour Force Survey,2022,38.892
Mongolia,LFS - Labour Force Survey,2021,42.385
Mongolia,LFS - Labour Force Survey,2020,46.425
Mongolia,LFS - Labour Force Survey,2019,41.802
Mongolia,LFS - Labour Force Survey,2018,35.907
Mongolia,LFS - Labour Force Survey,2017,40.007
Mongolia,LFS - Labour Force Survey,2016,36.712
Mongolia,LFS - Labour Force Survey,2015,37.774
Mongolia,LFS - Labour Force Survey,2014,34.165
Mongolia,LFS - Labour Force Survey,2013,37.291
Mongolia,LFS - Labour Force Survey,2012,38.684
Mongolia,LFS - Labour Force Survey,2011,37.919
Mongolia,LFS - Labour Force Survey,2010,37.886
Mongolia,LFS - Labour Force Survey,2009,38.324
Mongolia,LFS - Labour Force Survey,2008,41.6
Mongolia,LFS - Labour Force Survey,2006,35.312
Mongolia,LFS - Labour Force Survey,2003,31.626
Mozambique,HIES - Household Budget Survey,2015,22.149
Montserrat,LFS - Labour Force Survey,2020,46.107
Mauritius,LFS - Continuous Multi-Purpose Household Survey,2022,27.028
Mauritius,LFS - Continuous Multi-Purpose Household Survey,2021,40.037
Mauritius,LFS - Continuous Multi-Purpose Household Survey,2018,31.032
Mauritius,LFS - Continuous Multi-Purpose Household Survey,2017,30.822
Mauritius,LFS - Continuous Multi-Purpose Household Survey,2016,29.502
Mauritius,LFS - Continuous Multi-Purpose Household Survey,2015,27.767
Mauritius,LFS - Continuous Multi-Purpose Household Survey,2014,27.261
Mauritius,LFS - Continuous Multi-Purpose Household Survey,2013,28.933
Mauritius,LFS - Continuous Multi-Purpose Household Survey,2012,23.091
Mauritius,LFS - Continuous Multi-Purpose Household Survey,2011,21.331
Mauritius,LFS - Continuous Multi-Purpose Household Survey,2010,26.189
Mauritius,LFS - Continuous Multi-Purpose Household Survey,2009,25.602
Mauritius,LFS - Continuous Multi-Purpose Household Survey,2008,22.996
Mauritius,LFS - Continuous Multi-Purpose Household Survey,2007,20.194
Mauritius,LFS - Continuous Multi-Purpose Household Survey,2006,15.33
Mauritius,LFS - Continuous Multi-Purpose Household Survey,2005,24.688
Mauritius,LFS - Continuous Multi-Purpose Household Survey,2004,20.498
Mauritius,LFS - Continuous Multi-Purpose Household Survey,2003,24.32
Mauritius,LFS - Continuous Multi-Purpose Household Survey,2002,18.86
Mauritius,LFS - Continuous Multi-Purpose Household Survey,2001,19.612
Namibia,LFS - Labour Force Survey,2018,48.243
Namibia,LFS - Labour Force Survey,2016,48.617
Namibia,LFS - Labour Force Survey,2014,46.673
Namibia,LFS - Labour Force Survey,2013,48.488
Namibia,LFS - Labour Force Survey,2012,25.603
Namibia,HIES - Household Income and Expenditure Survey,2010,37.692
Niger,LFS - National Survey on Employment and the Informal Sector,2017,21.624
Nigeria,"LFS - Unemployment, Under-employment Watch",2022,57.185
Nigeria,HIES - Socio Economic Survey,2019,31.37
Nigeria,HS - General Household Survey,2013,35.379
Nigeria,HS - General Household Survey,2011,28.914
Nicaragua,LFS - Continous Household Survey,2012,49.734
Nicaragua,HIES - National Household Survey on Measuring Living Conditions,2014,53.679
Nicaragua,HIES - National Household Survey on Measuring Living Conditions,2001,28.397
Niue,PC - Population Census,2017,38.462
Netherlands,LFS - EU Labour Force Survey,2020,24.846
Netherlands,LFS - EU Labour Force Survey,2019,26.013
Netherlands,LFS - EU Labour Force Survey,2018,24.76
Netherlands,LFS - EU Labour Force Survey,2017,25.981
Netherlands,LFS - EU Labour Force Survey,2016,24.384
Netherlands,LFS - EU Labour Force Survey,2015,24.497
Netherlands,LFS - EU Labour Force Survey,2014,24.046
Netherlands,LFS - EU Labour Force Survey,2013,23.126
Netherlands,LFS - EU Labour Force Survey,2012,28.32
Netherlands,LFS - EU Labour Force Survey,2011,27.897
Netherlands,LFS - EU Labour Force Survey,2010,26.896
Netherlands,LFS - EU Labour Force Survey,2009,26.044
Netherlands,LFS - EU Labour Force Survey,2008,25.952
Netherlands,LFS - EU Labour Force Survey,2007,26.765
Netherlands,LFS - EU Labour Force Survey,2006,25.493
Netherlands,LFS - EU Labour Force Survey,2005,22.324
Netherlands,LFS - EU Labour Force Survey,2004,22.238
Netherlands,LFS - EU Labour Force Survey,2003,21.379
Netherlands,LFS - EU Labour Force Survey,2002,21.699
Netherlands,LFS - EU Labour Force Survey,2001,22.396
Netherlands,LFS - EU Labour Force Survey,2000,21.532
Norway,LFS - EU Labour Force Survey,2020,31.967
Norway,LFS - EU Labour Force Survey,2019,32.75
Norway,LFS - EU Labour Force Survey,2018,33.474
Norway,LFS - EU Labour Force Survey,2017,35.946
Norway,LFS - EU Labour Force Survey,2016,35.402
Norway,LFS - EU Labour Force Survey,2015,33.661
Norway,LFS - EU Labour Force Survey,2014,33.315
Norway,LFS - EU Labour Force Survey,2013,31.348
Norway,LFS - EU Labour Force Survey,2012,31.155
Norway,LFS - EU Labour Force Survey,2011,31.203
Norway,LFS - EU Labour Force Survey,2010,35.031
Norway,LFS - EU Labour Force Survey,2009,34.548
Norway,LFS - EU Labour Force Survey,2008,32.639
Norway,LFS - EU Labour Force Survey,2007,33.288
Norway,LFS - EU Labour Force Survey,2006,33.952
Norway,LFS - EU Labour Force Survey,2005,31.042
Norway,LFS - EU Labour Force Survey,2004,29.713
Norway,LFS - EU Labour Force Survey,2003,28.181
Norway,LFS - EU Labour Force Survey,2002,27.664
Norway,LFS - EU Labour Force Survey,2001,25.641
Norway,LFS - EU Labour Force Survey,2000,24.737
Nepal,LFS - Labour Force Survey,2017,13.903
Nauru,HIES - Household Income and Expenditure Survey,2013,36.515
Nauru,PC - Population Census,2021,57.634
Pakistan,LFS - Labour Force Survey,2021,7.828
Pakistan,LFS - Labour Force Survey,2019,6.326
Pakistan,LFS - Labour Force Survey,2018,6.583
Pakistan,LFS - Labour Force Survey,2015,3.946
Pakistan,LFS - Labour Force Survey,2014,5.945
Pakistan,LFS - Labour Force Survey,2013,4.217
Pakistan,LFS - Labour Force Survey,2011,5.751
Pakistan,LFS - Labour Force Survey,2010,6.403
Pakistan,LFS - Labour Force Survey,2009,5.703
Pakistan,LFS - Labour Force Survey,2008,5.226
Pakistan,LFS - Labour Force Survey,2007,6.076
Pakistan,LFS - Labour Force Survey,2006,7.625
Pakistan,HIES - Household Income and Expenditure Survey,2016,7.058
Pakistan,HIES - Household Income and Expenditure Survey,2012,3.483
Panama,LFS - Labour Market Survey,2023,47.006
Panama,LFS - Labour Market Survey,2014,43.541
Panama,LFS - Labour Market Survey,2013,40.611
Panama,LFS - Labour Market Survey,2012,46.516
Panama,LFS - Labour Market Survey,2011,45.822
Panama,HIES - Living Standards Survey,2008,39.767
Panama,HIES - Living Standards Survey,2003,44.031
Peru,"LFS - Permanent Employment Survey, National",2022,32.933
Philippines,LFS - Labour Force Survey,2022,41.323
Philippines,LFS - Labour Force Survey,2021,37.965
Philippines,LFS - Labour Force Survey,2020,35.429
Philippines,LFS - Labour Force Survey,2019,29.31
Philippines,LFS - Labour Force Survey,2018,25.509
Philippines,LFS - Labour Force Survey,2017,23.245
Philippines,LFS - Labour Force Survey,2016,23.854
Philippines,LFS - Labour Force Survey,2015,42.722
Philippines,LFS - Labour Force Survey,2014,41.759
Philippines,LFS - Labour Force Survey,2013,43.01
Philippines,LFS - Labour Force Survey,2012,42.157
Philippines,LFS - Labour Force Survey,2011,41.168
Philippines,LFS - Labour Force Survey,2010,42.203
Philippines,LFS - Labour Force Survey,2009,42.764
Philippines,LFS - Labour Force Survey,2008,41.676
Philippines,LFS - Labour Force Survey,2007,38.78
Palau,HIES - Household Income and Expenditure Survey,2014,35.517
Palau,PC - Population Census,2020,45.455
Papua New Guinea,HIES - Household Income and Expenditure Survey,2010,19.291
Poland,LFS - EU Labour Force Survey,2020,41.441
Poland,LFS - EU Labour Force Survey,2019,41.151
Poland,LFS - EU Labour Force Survey,2018,39.52
Poland,LFS - EU Labour Force Survey,2017,38.188
Poland,LFS - EU Labour Force Survey,2016,38.126
Poland,LFS - EU Labour Force Survey,2015,37.429
Poland,LFS - EU Labour Force Survey,2014,36.359
Poland,LFS - EU Labour Force Survey,2013,35.454
Poland,LFS - EU Labour Force Survey,2012,35.043
Poland,LFS - EU Labour Force Survey,2011,35.915
Poland,LFS - EU Labour Force Survey,2010,37.461
Poland,LFS - EU Labour Force Survey,2009,36.035
Poland,LFS - EU Labour Force Survey,2008,36.204
Poland,LFS - EU Labour Force Survey,2007,37.124
Poland,LFS - EU Labour Force Survey,2006,36.064
Poland,LFS - EU Labour Force Survey,2005,34.065
Poland,LFS - EU Labour Force Survey,2004,35.346
Poland,LFS - EU Labour Force Survey,2003,33.978
Poland,LFS - EU Labour Force Survey,2002,29.32
Poland,LFS - EU Labour Force Survey,2001,27.671
Poland,LFS - EU Labour Force Survey,2000,31.35
Portugal,LFS - EU Labour Force Survey,2020,35.732
Portugal,LFS - EU Labour Force Survey,2019,36.967
Portugal,LFS - EU Labour Force Survey,2018,32.163
Portugal,LFS - EU Labour Force Survey,2017,27.959
Portugal,LFS - EU Labour Force Survey,2016,29.641
Portugal,LFS - EU Labour Force Survey,2015,28.039
Portugal,LFS - EU Labour Force Survey,2014,31.838
Portugal,LFS - EU Labour Force Survey,2013,25.67
Portugal,LFS - EU Labour Force Survey,2012,26.034
Portugal,LFS - EU Labour Force Survey,2011,24.51
Portugal,LFS - EU Labour Force Survey,2010,34.601
Portugal,LFS - EU Labour Force Survey,2009,33.596
Portugal,LFS - EU Labour Force Survey,2008,32.032
Portugal,LFS - EU Labour Force Survey,2007,29.774
Portugal,LFS - EU Labour Force Survey,2006,29.602
Portugal,LFS - EU Labour Force Survey,2005,26.719
Portugal,LFS - EU Labour Force Survey,2004,30.413
Portugal,LFS - EU Labour Force Survey,2003,27.068
Portugal,LFS - EU Labour Force Survey,2002,29.968
Portugal,LFS - EU Labour Force Survey,2001,22.285
Portugal,LFS - EU Labour Force Survey,2000,22.435
Occupied Palestinian Territory,LFS - Labour Force Survey,2022,21.071
Occupied Palestinian Territory,LFS - Labour Force Survey,2021,22.063
Occupied Palestinian Territory,LFS - Labour Force Survey,2020,22.565
Occupied Palestinian Territory,LFS - Labour Force Survey,2019,21.655
Occupied Palestinian Territory,LFS - Labour Force Survey,2018,17.825
Occupied Palestinian Territory,LFS - Labour Force Survey,2017,16.734
Occupied Palestinian Territory,LFS - Labour Force Survey,2016,20.588
Occupied Palestinian Territory,LFS - Labour Force Survey,2015,16.221
Occupied Palestinian Territory,LFS - Labour Force Survey,2014,16.455
Occupied Palestinian Territory,LFS - Labour Force Survey,2013,16.133
Occupied Palestinian Territory,LFS - Labour Force Survey,2012,15.504
Occupied Palestinian Territory,LFS - Labour Force Survey,2011,21.458
Occupied Palestinian Territory,LFS - Labour Force Survey,2010,21.673
Occupied Palestinian Territory,LFS - Labour Force Survey,2008,19.562
Occupied Palestinian Territory,LFS - Labour Force Survey,2007,18.39
Occupied Palestinian Territory,LFS - Labour Force Survey,2006,19.84
Occupied Palestinian Territory,LFS - Labour Force Survey,2005,21.946
Occupied Palestinian Territory,LFS - Labour Force Survey,2004,20.158
Occupied Palestinian Territory,LFS - Labour Force Survey,2003,23.767
Occupied Palestinian Territory,LFS - Labour Force Survey,2002,19.88
Occupied Palestinian Territory,LFS - Labour Force Survey,2001,22.895
Occupied Palestinian Territory,LFS - Labour Force Survey,2000,23.11
Romania,LFS - EU Labour Force Survey,2020,35.134
Romania,LFS - EU Labour Force Survey,2019,34.193
Romania,LFS - EU Labour Force Survey,2018,30.063
Romania,LFS - EU Labour Force Survey,2017,30.088
Romania,LFS - EU Labour Force Survey,2016,32.417
Romania,LFS - EU Labour Force Survey,2015,31.535
Romania,LFS - EU Labour Force Survey,2014,30.729
Romania,LFS - EU Labour Force Survey,2013,30.582
Romania,LFS - EU Labour Force Survey,2012,30.828
Romania,LFS - EU Labour Force Survey,2011,31.845
Romania,LFS - EU Labour Force Survey,2010,36.279
Romania,LFS - EU Labour Force Survey,2009,36.398
Romania,LFS - EU Labour Force Survey,2008,34.095
Romania,LFS - EU Labour Force Survey,2007,32.559
Romania,LFS - EU Labour Force Survey,2006,33.55
Romania,LFS - EU Labour Force Survey,2005,33.605
Russian Federation,LFS - Labour Force Survey,2022,41.181
Russian Federation,LFS - Labour Force Survey,2021,43.77
Russian Federation,LFS - Labour Force Survey,2020,43.184
Russian Federation,LFS - Labour Force Survey,2019,41.995
Russian Federation,LFS - Labour Force Survey,2018,39.753
Russian Federation,LFS - Labour Force Survey,2017,39.3
Russian Federation,LFS - Labour Force Survey,2016,40.374
Russian Federation,LFS - Labour Force Survey,2015,38.686
Russian Federation,LFS - Labour Force Survey,2014,38.059
Russian Federation,LFS - Labour Force Survey,2013,38.381
Russian Federation,LFS - Labour Force Survey,2012,39.088
Russian Federation,LFS - Labour Force Survey,2011,39.524
Russian Federation,LFS - Labour Force Survey,2010,38.604
Rwanda,LFS - Labour Force Survey,2022,24.996
Rwanda,LFS - Labour Force Survey,2021,35.413
Rwanda,LFS - Labour Force Survey,2020,34.185
Rwanda,LFS - Labour Force Survey,2018,33.217
Rwanda,LFS - Labour Force Survey,2017,36.301
Senegal,LFS - National Employment Survey,2019,21.027
Senegal,LFS - National Employment Survey,2016,26.196
Senegal,LFS - National Employment Survey,2015,26.161
Singapore,LFS - Labour Force Survey,2022,40.646
Singapore,LFS - Labour Force Survey,2021,38.545
Solomon Islands,HIES - Household Income and Expenditure Survey,2013,25.083
Sierra Leone,LFS - Labour Force Survey,2014,38.528
Sierra Leone,HS - Integrated Household Survey,2018,21.491
El Salvador,HS - Multi-purpose Household Survey,2022,42.733
El Salvador,HS - Multi-purpose Household Survey,2021,40.459
El Salvador,HS - Multi-purpose Household Survey,2020,48.82
El Salvador,HS - Multi-purpose Household Survey,2019,43.128
El Salvador,HS - Multi-purpose Household Survey,2018,35.737
El Salvador,HS - Multi-purpose Household Survey,2017,32.647
El Salvador,HS - Multi-purpose Household Survey,2016,34.077
El Salvador,HS - Multi-purpose Household Survey,2015,40.671
El Salvador,HS - Multi-purpose Household Survey,2014,35.58
El Salvador,HS - Multi-purpose Household Survey,2013,42.691
El Salvador,HS - Multi-purpose Household Survey,2012,55.833
El Salvador,HS - Multi-purpose Household Survey,2011,42.935
El Salvador,HS - Multi-purpose Household Survey,2010,37.641
Somalia,LFS - Labour Force Survey,2019,27.684
Serbia,LFS - Labour Force Survey,2022,39.51
Serbia,LFS - Labour Force Survey,2021,34.242
Serbia,LFS - Labour Force Survey,2020,32.599
Serbia,LFS - Labour Force Survey,2019,33.572
Serbia,LFS - Labour Force Survey,2018,29.791
Serbia,LFS - Labour Force Survey,2017,30.258
Serbia,LFS - Labour Force Survey,2016,30.889
Serbia,LFS - Labour Force Survey,2015,30.904
Serbia,LFS - Labour Force Survey,2014,31.465
Serbia,LFS - Labour Force Survey,2013,32.678
Serbia,LFS - Labour Force Survey,2012,29.067
Serbia,LFS - Labour Force Survey,2011,32.799
Serbia,LFS - Labour Force Survey,2010,34.623
Serbia,LFS - Labour Force Survey,2009,39.412
Serbia,LFS - Labour Force Survey,2008,36.57
Serbia,HIES - Living Standards Measurement Survey,2007,33.572
Suriname,HIES - Survey on Living Conditions,2016,42.169
Slovakia,LFS - Labour Force Survey,2022,35.588
Slovakia,LFS - Labour Force Survey,2021,35.242
Slovakia,LFS - Labour Force Survey,2020,34.532
Slovakia,LFS - Labour Force Survey,2019,33.35
Slovakia,LFS - Labour Force Survey,2018,30.367
Slovakia,LFS - Labour Force Survey,2017,30.585
Slovakia,LFS - Labour Force Survey,2016,34.316
Slovakia,LFS - Labour Force Survey,2015,27.816
Slovakia,LFS - Labour Force Survey,2014,27.881
Slovakia,LFS - Labour Force Survey,2013,29.881
Slovakia,LFS - Labour Force Survey,2012,30.404
Slovakia,LFS - Labour Force Survey,2011,28.634
Slovakia,LFS - Labour Force Survey,2010,34.88
Slovakia,LFS - Labour Force Survey,2009,31.676
Slovakia,LFS - Labour Force Survey,2008,29.152
Slovakia,LFS - Labour Force Survey,2007,31.83
Slovakia,LFS - Labour Force Survey,2006,27.392
Slovakia,LFS - Labour Force Survey,2005,30.764
Slovakia,LFS - Labour Force Survey,2004,32.374
Slovakia,LFS - Labour Force Survey,2003,34.619
Slovakia,LFS - Labour Force Survey,2002,31.366
Slovakia,LFS - Labour Force Survey,2001,30.573
Slovakia,LFS - Labour Force Survey,2000,30.747
Slovakia,LFS - Labour Force Survey,1999,32.302
Slovakia,LFS - Labour Force Survey,1998,29.8
Slovenia,LFS - Labour Force Survey,2021,33.524
Slovenia,LFS - Labour Force Survey,2020,40.616
Slovenia,LFS - Labour Force Survey,2019,40.507
Slovenia,LFS - Labour Force Survey,2018,38.224
Slovenia,LFS - Labour Force Survey,2017,41.893
Slovenia,LFS - Labour Force Survey,2016,41.771
Slovenia,LFS - Labour Force Survey,2015,36.984
Slovenia,LFS - Labour Force Survey,2014,36.467
Slovenia,LFS - Labour Force Survey,2013,38.545
Slovenia,LFS - Labour Force Survey,2012,40.26
Slovenia,LFS - Labour Force Survey,2011,38.916
Slovenia,LFS - Labour Force Survey,2010,43.254
Slovenia,LFS - Labour Force Survey,2009,44.693
Slovenia,LFS - Labour Force Survey,2008,43.291
Slovenia,LFS - Labour Force Survey,2007,37.549
Slovenia,LFS - Labour Force Survey,2006,41.973
Slovenia,LFS - Labour Force Survey,2005,42.022
Slovenia,LFS - Labour Force Survey,2004,40.131
Slovenia,LFS - Labour Force Survey,2003,41.428
Slovenia,LFS - Labour Force Survey,2002,37.911
Slovenia,LFS - Labour Force Survey,2001,37.764
Slovenia,LFS - Labour Force Survey,2000,34.612
Slovenia,LFS - Labour Force Survey,1999,31.437
Slovenia,LFS - Labour Force Survey,1998,26.383
Slovenia,LFS - Labour Force Survey,1997,24.479
Slovenia,LFS - Labour Force Survey,1996,25.768
Sweden,LFS - EU Labour Force Survey,2020,43.094
Sweden,LFS - EU Labour Force Survey,2019,41.916
Sweden,LFS - EU Labour Force Survey,2018,39.029
Sweden,LFS - EU Labour Force Survey,2017,39.441
Sweden,LFS - EU Labour Force Survey,2016,39.502
Sweden,LFS - EU Labour Force Survey,2015,39.775
Sweden,LFS - EU Labour Force Survey,2014,37.448
Sweden,LFS - EU Labour Force Survey,2013,35.499
Sweden,LFS - EU Labour Force Survey,2012,34.495
Sweden,LFS - EU Labour Force Survey,2011,33.544
Sweden,LFS - EU Labour Force Survey,2010,31.342
Sweden,LFS - EU Labour Force Survey,2009,31.146
Sweden,LFS - EU Labour Force Survey,2008,30.823
Sweden,LFS - EU Labour Force Survey,2007,31.025
Sweden,LFS - EU Labour Force Survey,2006,31.752
Sweden,LFS - EU Labour Force Survey,2005,31.855
Sweden,LFS - EU Labour Force Survey,2004,31.58
Sweden,LFS - EU Labour Force Survey,2003,30.545
Sweden,LFS - EU Labour Force Survey,2002,32.112
Sweden,LFS - EU Labour Force Survey,2001,31.348
Sweden,LFS - EU Labour Force Survey,2000,27.132
Eswatini,LFS - Labour Force Survey,2021,41.672
Eswatini,LFS - Labour Force Survey,2016,54.64
Seychelles,LFS - Labour Force Survey,2020,40.002
Seychelles,LFS - Labour Force Survey,2019,47.348
Seychelles,LFS - Labour Force Survey,2016,43.794
Seychelles,LFS - Labour Force Survey,2015,48.999
Seychelles,LFS - Labour Force Survey,2014,44.867
Togo,LFS - Regional Integrated Survey on Employment and the Informal Sector,2017,29.525
Thailand,LFS - Labour Force Survey,2022,33.126
Thailand,LFS - Labour Force Survey,2021,32.044
Thailand,LFS - Labour Force Survey,2020,33.212
Thailand,LFS - Labour Force Survey,2019,30.959
Thailand,LFS - Labour Force Survey,2018,30.87
Thailand,LFS - Labour Force Survey,2017,30.76
Thailand,LFS - Labour Force Survey,2016,29.533
Thailand,LFS - Labour Force Survey,2015,29.832
Thailand,LFS - Labour Force Survey,2014,29.374
Thailand,LFS - Labour Force Survey,2013,27.089
Thailand,LFS - Labour Force Survey,2010,24.345
Thailand,HIES - Household Socio-Economic Survey,2007,21.028
Thailand,HIES - Household Socio-Economic Survey,2000,18.242
Tajikistan,HIES - Living Standards Survey,2009,16.305
Tajikistan,HIES - Living Standards Survey,2007,13.847
Tokelau,HIES - Household Income and Expenditure Survey,2016,21.093
Timor-Leste,LFS - Labour Force Survey,2021,13.274
Timor-Leste,LFS - Labour Force Survey,2016,24.515
Timor-Leste,LFS - Labour Force Survey,2013,32.98
Timor-Leste,LFS - Labour Force Survey,2010,8.58
Tonga,LFS - Labour Force Survey,2018,40.338
Tonga,HIES - Household Income and Expenditure Survey,2021,31.966
Trinidad and Tobago,LFS - Continuous Sample Survey of the Population,2022,46.551
Trinidad and Tobago,LFS - Continuous Sample Survey of the Population,2021,43.619
Trinidad and Tobago,LFS - Continuous Sample Survey of the Population,2020,46.74
Trinidad and Tobago,LFS - Continuous Sample Survey of the Population,2019,45.248
Tunisia,LFS - National Population and Employment Survey,2019,25.992
Tunisia,LFS - National Population and Employment Survey,2010,19.257
Tunisia,LFS - National Population and Employment Survey,2009,18.249
Tunisia,LFS - Labor Market Panel Survey,2014,16.688
Türkiye,LFS - EU Labour Force Survey,2020,19.309
Türkiye,LFS - EU Labour Force Survey,2019,17.468
Türkiye,LFS - EU Labour Force Survey,2018,16.331
Türkiye,LFS - EU Labour Force Survey,2017,17.268
Türkiye,LFS - EU Labour Force Survey,2016,16.7
Türkiye,LFS - EU Labour Force Survey,2015,14.441
Türkiye,LFS - EU Labour Force Survey,2014,15.55
Türkiye,LFS - EU Labour Force Survey,2013,16.574
Türkiye,LFS - EU Labour Force Survey,2012,14.34
Türkiye,LFS - EU Labour Force Survey,2011,13.001
Türkiye,LFS - EU Labour Force Survey,2010,18.755
Türkiye,LFS - EU Labour Force Survey,2009,20.083
Türkiye,LFS - EU Labour Force Survey,2008,19.377
Türkiye,LFS - EU Labour Force Survey,2007,18.001
Türkiye,LFS - EU Labour Force Survey,2006,17.256
Türkiye,LFS - Household Labour Force Survey,2022,19.645
Türkiye,LFS - Household Labour Force Survey,2021,20.655
Türkiye,LFS - Household Labour Force Survey,2005,15.696
Türkiye,LFS - Household Labour Force Survey,2004,16.52
Tuvalu,HIES - Household Income and Expenditure Survey,2016,36.715
Tuvalu,PC - Population Census,2022,35.664
Tuvalu,PC - Population Census,2017,36.697
"Tanzania, United Republic of",LFS - Labour Force Survey,2020,27.912
"Tanzania, United Republic of",LFS - Labour Force Survey,2014,17.337
"Tanzania, United Republic of",LFS - Labour Force Survey,2006,17.446
"Tanzania, United Republic of",LFS - Labour Force Survey,2001,11.724
"Tanzania, United Republic of",HIES - National Panel Survey,2012,20.55
"Tanzania, United Republic of",HIES - National Panel Survey,2010,
Uganda,LFS - National Labour Force Survey,2021,27.668
Uganda,LFS - National Labour Force Survey,2017,27.499
Uganda,LFS - National Labour Force Survey,2012,31.475
Uganda,HIES - National Household Survey,2019,30.55
Uganda,HIES - National Household Survey,2014,24.778
Uganda,HIES - National Household Survey,2011,
Uganda,HIES - National Household Survey,2010,
Ukraine,LFS - Labour Force Survey,2021,44.095
Ukraine,LFS - Labour Force Survey,2020,43.099
Ukraine,LFS - Labour Force Survey,2019,42.441
Ukraine,LFS - Labour Force Survey,2018,40.78
Uruguay,LFS - Continous Household Survey,2022,35.931
Uruguay,LFS - Continous Household Survey,2021,39.822
Uruguay,LFS - Continous Household Survey,2020,39.883
Uruguay,LFS - Continous Household Survey,2019,36.505
Uruguay,LFS - Continous Household Survey,2018,37.267
Uruguay,LFS - Continous Household Survey,2017,35.052
Uruguay,LFS - Continous Household Survey,2016,33.673
Uruguay,LFS - Continous Household Survey,2015,34.013
Uruguay,LFS - Continous Household Survey,2014,31.797
Uruguay,LFS - Continous Household Survey,2013,34.176
Uruguay,LFS - Continous Household Survey,2012,36.471
Uruguay,LFS - Continous Household Survey,2011,31.238
Uruguay,LFS - Continous Household Survey,2010,23.646
Uruguay,LFS - Continous Household Survey,2009,22.523
Uruguay,LFS - Continous Household Survey,2008,17.88
Uruguay,LFS - Continous Household Survey,2007,22.118
Uruguay,LFS - Continous Household Survey,2006,13.724
Uruguay,LFS - Continous Household Survey,2005,17.278
Uruguay,LFS - Continous Household Survey,2004,11.387
Uruguay,LFS - Continous Household Survey,2003,13.256
Uruguay,LFS - Continous Household Survey,2002,13.713
Uruguay,LFS - Continous Household Survey,2001,15.092
United States,LFS - Current Population Survey,2022,42.828
United States,LFS - Current Population Survey,2021,43.204
United States,LFS - Current Population Survey,2020,42.288
United States,LFS - Current Population Survey,2019,40.848
United States,LFS - Current Population Survey,2018,40.466
United States,LFS - Current Population Survey,2017,40.526
United States,LFS - Current Population Survey,2016,39.731
United States,LFS - Current Population Survey,2015,39.373
United States,LFS - Current Population Survey,2014,38.797
United States,LFS - Current Population Survey,2013,38.75
United States,LFS - Current Population Survey,2012,39.073
United States,LFS - Current Population Survey,2011,38.585
United States,LFS - Current Population Survey,2010,38.801
United States,LFS - Current Population Survey,2009,38.066
United States,LFS - Current Population Survey,2008,37.954
United States,LFS - Current Population Survey,2007,37.952
United States,LFS - Current Population Survey,2006,36.947
United States,LFS - Current Population Survey,2005,37.564
United States,LFS - Current Population Survey,2004,37.274
United States,LFS - Current Population Survey,2003,37.382
Viet Nam,LFS - Labour Force Survey,2021,15.513
Viet Nam,LFS - Labour Force Survey,2020,22.725
Viet Nam,LFS - Labour Force Survey,2019,14.565
Viet Nam,LFS - Labour Force Survey,2018,14.825
Viet Nam,LFS - Labour Force Survey,2017,14.547
Viet Nam,LFS - Labour Force Survey,2016,15.306
Viet Nam,LFS - Labour Force Survey,2015,13.572
Viet Nam,LFS - Labour Force Survey,2014,11.23
Viet Nam,LFS - Labour Force Survey,2013,8.129
Viet Nam,LFS - Labour Force Survey,2012,12.936
Viet Nam,LFS - Labour Force Survey,2011,10.982
Viet Nam,LFS - Labour Force Survey,2010,8.255
Viet Nam,LFS - Labour Force Survey,2009,
Viet Nam,LFS - Labour Force Survey,2007,16.327
Vanuatu,HIES - Household Income and Expenditure Survey,2019,22.55
Vanuatu,HIES - Household Income and Expenditure Survey,2006,15.649
Vanuatu,PC - Population and Housing Census,2020,36.208
Vanuatu,PC - Population and Housing Census,2009,28.537
Wallis and Futuna Islands,HIES - Household Income and Expenditure Survey,2019,25.08
Samoa,LFS - Labour Force Survey,2017,42.988
Samoa,LFS - Labour Force Survey,2012,41.629
Yemen,LFS - Labour Force Survey,2014,4.503
South Africa,LFS - Quarterly Labour Force Survey,2022,36.527
South Africa,LFS - Quarterly Labour Force Survey,2021,35.186
South Africa,LFS - Quarterly Labour Force Survey,2020,35.072
South Africa,LFS - Quarterly Labour Force Survey,2019,33.261
South Africa,LFS - Quarterly Labour Force Survey,2018,33.935
South Africa,LFS - Quarterly Labour Force Survey,2017,35.226
South Africa,LFS - Quarterly Labour Force Survey,2016,35.734
South Africa,LFS - Quarterly Labour Force Survey,2015,33.886
South Africa,LFS - Quarterly Labour Force Survey,2014,34.288
South Africa,LFS - Quarterly Labour Force Survey,2013,33.119
South Africa,LFS - Quarterly Labour Force Survey,2012,34.773
South Africa,LFS - Quarterly Labour Force Survey,2011,33.655
South Africa,LFS - Quarterly Labour Force Survey,2010,32.047
South Africa,LFS - Quarterly Labour Force Survey,2009,33.227
South Africa,LFS - Quarterly Labour Force Survey,2008,31.465
South Africa,LFS - Quarterly Labour Force Survey,2007,31.998
South Africa,LFS - Quarterly Labour Force Survey,2006,31.403
South Africa,LFS - Quarterly Labour Force Survey,2005,30.478
South Africa,LFS - Quarterly Labour Force Survey,2004,26.831
South Africa,LFS - Quarterly Labour Force Survey,2003,27.654
South Africa,LFS - Quarterly Labour Force Survey,2002,25.565
South Africa,LFS - Quarterly Labour Force Survey,2001,22.5
South Africa,LFS - Quarterly Labour Force Survey,2000,22.579
Zambia,LFS - Labour Force Survey,2022,36.458
Zambia,LFS - Labour Force Survey,2021,39.512
Zambia,LFS - Labour Force Survey,2020,39.622
Zambia,LFS - Labour Force Survey,2019,29.95
Zambia,LFS - Labour Force Survey,2018,40.207
Zambia,LFS - Labour Force Survey,2017,29.594
Zimbabwe,LFS - Labour Force Survey,2021,28.151
Zimbabwe,LFS - Labour Force Survey,2019,28.074
Zimbabwe,LFS - Labour Force Survey,2011,22.757
